{
  "version": "insurer_summary/1.0",
  "constitution_hash": "a0ea6fe329251b8c...",
  "integrity": "VALID",
  "outcome": "COMPLETED",
  "fault_domain": "NO_FAULT",
  "confidence": 1,
  "buyer": {
    "signer": "29USBi5H26gH...",
    "passport_score": 0.01,
    "tier": "B"
  },
  "provider": {
    "signer": "DCi6DFQteG5n...",
    "passport_score": 0.01,
    "tier": "B"
  },
  "risk_factors": [],
  "surcharges": [],
  "coverage": "COVERED_WITH_SURCHARGE",
  "economic_details": {
    "asset": "USD",
    "amount": 300000,
    "from": "29USBi5H26gHPEhAJzGdCFam7T4hksaiaPCgAshMGEJH",
    "to": "DCi6DFQteG5nfh8WDDTxYsd7yoeB7bJiYErgohRaaUgA",
    "settlement_rail": "stripe_like"
  }
}