{
  "version": "dbl/2.0",
  "status": "OK",
  "failureCode": null,
  "lastValidRound": 5,
  "lastValidSummary": "ACCEPT by buyer (round 5)",
  "lastValidHash": "3da8b49467b72a419e5e9ff6b071552964d30f8f826ea28340c723a19d5a4d0c",
  "requiredNextActor": "NONE",
  "requiredAction": "NONE",
  "terminal": true,
  "dblDetermination": "NO_FAULT",
  "passportImpact": 0,
  "confidence": 1,
  "recommendation": "No action required.",
  "evidenceRefs": [
    "3da8b49467b72a419e5e9ff6b071552964d30f8f826ea28340c723a19d5a4d0c"
  ],
  "recommendedActions": []
}