{
  "version": "insurer_summary/1.0",
  "constitution_hash": "a0ea6fe329251b8c...",
  "integrity": "VALID",
  "outcome": "COMPLETED",
  "fault_domain": "NO_FAULT",
  "confidence": 1,
  "buyer": {
    "signer": "8ZaPoHZtaRRS...",
    "passport_score": 0.01,
    "tier": "B"
  },
  "provider": {
    "signer": "7RWoAd4rBZxs...",
    "passport_score": 0.01,
    "tier": "B"
  },
  "risk_factors": [],
  "surcharges": [],
  "coverage": "COVERED_WITH_SURCHARGE",
  "economic_details": {
    "asset": "USD",
    "amount": 12,
    "from": "8ZaPoHZtaRRSCgbWyDAbBAjGv9h8kY8JYJpaVrZtnc97",
    "to": "CACXbtJrzCQqTJ3Ms5EYjgmd4xccVm6uADUYLHZuMYLx",
    "settlement_rail": "stripe_like"
  }
}