{
  "version": "dbl/2.0",
  "status": "OK",
  "failureCode": null,
  "lastValidRound": 3,
  "lastValidSummary": "ACCEPT by buyer (round 3)",
  "lastValidHash": "c485ab79f69d3f87080cf87e5630fad9c3530d0499983c60bd15e262505a3c70",
  "requiredNextActor": "NONE",
  "requiredAction": "NONE",
  "terminal": true,
  "dblDetermination": "NO_FAULT",
  "passportImpact": 0,
  "confidence": 1,
  "recommendation": "No action required.",
  "evidenceRefs": [
    "c485ab79f69d3f87080cf87e5630fad9c3530d0499983c60bd15e262505a3c70"
  ],
  "recommendedActions": []
}